{"accuracy": [0.9794745445251465, 0.9946633577346802, 0.9956896305084229, 0.9983579516410828, 0.9989737272262573, 0.9997947216033936, 0.9989737272262573, 0.9891214966773987, 0.9811165928840637, 0.9985632300376892, 1.0, 0.9987684488296509, 0.9997947216033936, 0.9995895028114319, 0.9997947216033936, 1.0], "loss": [0.10555997490882874, 0.012880622409284115, 0.015513022430241108, 0.008811933919787407, 0.0028354465030133724, 0.0005060581606812775, 0.0025597629137337208, 0.06100153923034668, 0.05195130035281181, 0.004215269349515438, 0.0002209558879258111, 0.0033846672158688307, 0.0013605891726911068, 0.0018530103843659163, 0.0005832997267134488, 0.00016021690680645406], "val_accuracy": [0.9808853268623352, 0.9778671860694885, 0.9979879260063171, 0.9879275560379028, 0.9949698448181152, 1.0, 0.998993992805481, 0.5030180811882019, 0.501006007194519, 0.6257545351982117, 0.8873239159584045, 0.9728370308876038, 0.9899396300315857, 0.9919517040252686, 0.9939637780189514, 0.998993992805481], "val_loss": [0.5108301639556885, 0.19668129086494446, 0.004549211356788874, 0.23828551173210144, 0.016232872381806374, 0.0010527025442570448, 0.0023316270671784878, 17.190357208251953, 23.382183074951172, 14.340832710266113, 3.4527742862701416, 0.26976490020751953, 0.05990630015730858, 0.022792041301727295, 0.03475417196750641, 0.0013118440983816981]}