{"accuracy": [0.959770143032074, 0.9907635450363159, 0.9940476417541504, 0.9936370849609375, 0.9940476417541504, 0.9928160905838013, 0.9942528605461121, 0.993842363357544, 0.9940476417541504, 0.9948686361312866, 0.9946633577346802], "loss": [0.16723927855491638, 0.03952347859740257, 0.02873608097434044, 0.02923429012298584, 0.023110579699277878, 0.029645806178450584, 0.02799871563911438, 0.02475818060338497, 0.02594754286110401, 0.02462676726281643, 0.02446129359304905], "val_accuracy": [0.9939637780189514, 0.9909456968307495, 0.9949698448181152, 0.9949698448181152, 0.9949698448181152, 0.9949698448181152, 0.9949698448181152, 0.9939637780189514, 0.9939637780189514, 0.9939637780189514, 0.9949698448181152], "val_loss": [0.03675021231174469, 0.05065086483955383, 0.024712925776839256, 0.021983498707413673, 0.02362062968313694, 0.022741299122571945, 0.022615114226937294, 0.02451445162296295, 0.025777330622076988, 0.025425467640161514, 0.023300334811210632]}